<?xml version="1.0" encoding="UTF-8"?>
<!--
 Copyright 2004-2009 Sun Microsystems, Inc.  All rights reserved.
 Use is subject to license terms.
-->
<application version="5" xmlns="http://java.sun.com/xml/ns/javaee" xmlns:xsi="http://www.w3.org/2001/XMLSchema-instance" xsi:schemaLocation="http://java.sun.com/xml/ns/javaee http://java.sun.com/xml/ns/javaee/application_5.xsd">
  <description>Application description</description>
  <display-name>mailconnector-ear</display-name>
  <module>
    <ejb>mailconnector-ejb.jar</ejb>
  </module>
  <module>
    <web>
      <web-uri>mailconnector-war.war</web-uri>
      <context-root>mailconnector-war</context-root>
    </web>
  </module>
</application>
