<?xml version="1.0" encoding="UTF-8"?>
<project xmlns="http://www.netbeans.org/ns/project/1">
    <type>org.netbeans.modules.ant.freeform</type>
    <configuration>
        <general-data xmlns="http://www.netbeans.org/ns/freeform-project/1">
            <!-- Do not use Project Properties customizer when editing this file manually. -->
            <name>mailconnector-connector-sample-ra</name>
            <properties>
                <property name="ant.script">build.xml</property>
            </properties>
            <folders>
                <source-folder>
                    <label>src/java</label>
                    <type>java</type>
                    <location>src/java</location>
                </source-folder>
            </folders>
            <ide-actions>
                <action name="build">
                    <script>${ant.script}</script>
                    <target>assemble_rar</target>
                </action>
                <action name="clean">
                    <script>${ant.script}</script>
                    <target>clean_rar_common</target>
                </action>
                <action name="rebuild">
                    <script>${ant.script}</script>
                    <target>clean_rar_common</target>
                    <target>assemble_rar</target>
                </action>
            </ide-actions>
            <view>
                <items>
                    <source-folder style="packages">
                        <label>src/java</label>
                        <location>src/java</location>
                    </source-folder>
                    <source-file>
                        <location>${ant.script}</location>
                    </source-file>
                </items>
                <context-menu>
                    <ide-action name="build"/>
                    <ide-action name="rebuild"/>
                    <ide-action name="clean"/>
                    <action>
                        <script>${ant.script}</script>
                        <label>Deploy</label>
                        <target>deploy_rar</target>
                    </action>
                    <action>
                        <script>${ant.script}</script>
                        <label>Undeploy</label>
                        <target>undeploy_rar</target>
                    </action>
                </context-menu>
            </view>
            <subprojects/>
        </general-data>
        <java-data xmlns="http://www.netbeans.org/ns/freeform-project-java/1">
            <compilation-unit>
                <package-root>src/java</package-root>
                <classpath mode="compile">${javaee.home}/modules/javax.mail.jar:${javaee.home}/modules/javax.resource.jar</classpath>
                <source-level>1.5</source-level>
            </compilation-unit>
        </java-data>
    </configuration>
</project>
