<?xml version="1.0" encoding="UTF-8"?>
<application version="5" xmlns="http://java.sun.com/xml/ns/javaee" xmlns:xsi="http://www.w3.org/2001/XMLSchema-instance" xsi:schemaLocation="http://java.sun.com/xml/ns/javaee http://java.sun.com/xml/ns/javaee/application_5.xsd">
  <display-name>converter</display-name>
  <module>
    <web>
      <web-uri>converter-war.war</web-uri>
      <context-root>/converter</context-root>
    </web>
  </module>
  <module>
    <ejb>converter-ejb.jar</ejb>
  </module>
  <module>
    <java>converter-app-client.jar</java>
  </module>
</application>
