<?xml version="1.0" encoding="UTF-8"?>
<application version="5" xmlns="http://java.sun.com/xml/ns/javaee" xmlns:xsi="http://www.w3.org/2001/XMLSchema-instance" xsi:schemaLocation="http://java.sun.com/xml/ns/javaee http://java.sun.com/xml/ns/javaee/application_5.xsd">
  <display-name>dukesbank</display-name>
  <module>
    <web>
      <web-uri>dukesbank-war.war</web-uri>
      <context-root>/bank</context-root>
    </web>
  </module>
  <module>
    <ejb>dukesbank-ejb.jar</ejb>
  </module>
  <module>
    <java>dukesbank-appclient.jar</java>
  </module>
  <security-role>
      <role-name>bankAdmin</role-name>
  </security-role>
  <security-role>
      <role-name>bankCustomer</role-name>
  </security-role>
</application>
