<?xml version="1.0" encoding="UTF-8"?>
<!DOCTYPE sun-application PUBLIC "-//Sun Microsystems, Inc.//DTD Application Server 9.0 Java EE Application 5.0//EN" "http://www.sun.com/software/appserver/dtds/sun-application_5_0-0.dtd">
<sun-application>
    <security-role-mapping>
        <role-name>bankAdmin</role-name>
        <group-name>bankAdmin</group-name>
        <principal-name>bankadmin</principal-name>
    </security-role-mapping>
    <security-role-mapping>
        <role-name>bankCustomer</role-name>
        <group-name>bankCustomer</group-name>
        <principal-name>200</principal-name>
    </security-role-mapping>
</sun-application>
