<?xml version="1.0" encoding="UTF-8"?>
<!DOCTYPE sun-ejb-jar PUBLIC "-//Sun Microsystems, Inc.//DTD Application Server 9.0 EJB 3.0//EN" "http://www.sun.com/software/appserver/dtds/sun-ejb-jar_3_0-0.dtd">
<sun-ejb-jar>
 <security-role-mapping>
    <role-name>CartUser</role-name>
    <principal-name>CN=localhost, OU=Sun, O=IPF, L=Santa Clara, ST=CA, C=US</principal-name>
  </security-role-mapping>
 <enterprise-beans>
    <unique-id>0</unique-id>
    <ejb>
      <ejb-name>CartBean</ejb-name>
      <jndi-name>jacc_mr_MutualCartBean</jndi-name>
      <pass-by-reference>false</pass-by-reference>
      <ior-security-config>
        <transport-config>
          <integrity>required</integrity>
          <confidentiality>required</confidentiality>
          <establish-trust-in-target>supported</establish-trust-in-target>
          <establish-trust-in-client>required</establish-trust-in-client>
        </transport-config>

        <sas-context>
          <caller-propagation>supported</caller-propagation>
        </sas-context>
      </ior-security-config>
      			
      <is-read-only-bean>false</is-read-only-bean>
      <refresh-period-in-seconds>-1</refresh-period-in-seconds>
      <gen-classes/>
    </ejb>
   </enterprise-beans>
</sun-ejb-jar>
