<?xml version="1.0" encoding="UTF-8"?>

<!-- Copyright 2005-2006 Sun Microsystems, Inc.  All rights reserved.  You may not modify, use, reproduce, or distribute this software except in compliance with the terms of the License at: 
 http://developer.sun.com/berkeley_license.html
 $Id: app-client-ant.xml,v 1.3 2006/04/28 04:31:01 ie139813 Exp $ -->


<!-- app-client-ant.xml: contains targets for projects that produce 
     application client module. This file is not meant to be included 
     in a project directly.
     This file should only be included if this project is defining 
     is.app-client.module property.
     @Author Inderjeet Singh  -->

<project name="app-client-ant" default="dummy-default">

    <property name="app.module" value="${build.dir}/${module.name}.jar"/>
    <property name="app-client.build.dir" value="${build.dir}/app-client"/>

    <patternset id="all.nonjava.files">
        <!-- All conf files (including test files) -->
        <include name="**/*.txt"/>
        <include name="**/*.xml"/>
        <include name="**/*.properties"/>
    </patternset>
    
    <dirname property="antfile.dir" file="${ant.file}"/>
    <available property="client.jar.in.acc.dir" file="${client.jar.dir}" type="dir"/>

    <condition property="app.client.jar" value="${antfile.dir}/${client.jar.dir}/${ac.jar}">
        <isset property="client.jar.in.acc.dir"/>
    </condition>

    <condition property="app.client.jar" value="${antfile.dir}/../${client.jar.dir}/${ac.jar}">
        <not>
            <isset property="client.jar.in.acc.dir"/>
        </not>
    </condition>

    <target name="run-app-client"
        description="run Application client">
        <antcall target="bpp-run-app-client">
            <param name="app-client.jar" 
            value="${app.client.jar}" />
        </antcall>
    </target>

    <target name="-pre-clean">
    </target>

    <target name="package" depends="-post-compile" 
        description="packages the archive appropriate to the given module">
        <mkdir dir="${app-client.build.dir}"/>
        <!-- copy in the compiled classes -->
        <copy todir="${app-client.build.dir}">
            <fileset dir="${build.classes.dir}"/>
            <fileset dir="${src.dir}">
                <patternset refid="all.nonjava.files"/>
            </fileset>      
        </copy>
        <delete file="${app.module}"/>
        <manifest file="${src.conf}/MANIFEST.MF" mode="update">
            <attribute name="Main-Class" value="${main.class}"/>
        </manifest>
        <jar jarfile="${app.module}" basedir="${app-client.build.dir}" manifest="${src.conf}/MANIFEST.MF"/>
        <delete dir="${app-client.build.dir}"/>
    </target>

    <target name="dummy-default"/>

</project>
