<?xml version="1.0" encoding="UTF-8"?>

<!-- Copyright 2005-2006 Sun Microsystems, Inc.  All rights reserved.  You may not modify, use, reproduce, or distribute this software except in compliance with the terms of the License at: 
 http://developer.sun.com/berkeley_license.html
 $Id: persistence-unit-ant.xml,v 1.2 2006/04/04 18:52:54 ie139813 Exp $ -->


<!-- persistence-unit-ant.xml: contains targets for projects that produce 
     persistence-unit modules. This file is not meant to be included in a 
     project directly. 
     This file should only be included if this project is defining 
     is.persistence-unit.module property.
     @Author: Inderjeet Singh -->

<project name="persistence-unit-ant" default="dummy-default">

  <target name="-pre-clean"/>

  <target name="package-persistence-unit"
    if="is.persistence-unit.module"
    depends="bpp-package-persistence-unit-war,bpp-package-persistence-unit-ejb-jar"
    description="packages the archive">
  </target>

  <target name="bpp-package-persistence-unit-war" if="is.war.module">
    <mkdir dir="${war.build.dir}/WEB-INF/classes/META-INF"/>
    <copy file="${src.conf}/persistence.xml" todir="${pu.build.dir}/WEB-INF/" failonerror="false" />
    <copy file="${src.conf}/persistence.xml" todir="${war.build.dir}/WEB-INF/classes/META-INF" failonerror="false" />
  </target>

  <target name="bpp-package-persistence-unit-ejb-jar" if="is.ejb-jar.module">
    <copy file="${src.conf}/persistence.xml" todir="${jar.build.dir}/META-INF/" failonerror="false" />
  </target>

  <target name="dummy-default"/>

</project>
