<?xml version="1.0" encoding="UTF-8"?>

<!-- Copyright 1997-2007 Sun Microsystems, Inc. All rights reserved.
 $Id: app-client-ant.xml,v 1.3 2007/07/18 21:50:57 msreddy Exp $ -->


<!-- app-client-ant.xml: contains targets for projects that produce 
     application client module. This file is not meant to be included 
     in a project directly.
     This file should only be included if this project is defining 
     is.app-client.module property.
     @Author Inderjeet Singh  -->

<project name="app-client-ant" default="dummy-default">

  <property name="app.module" value="${build.dir}/${module.name}.jar"/>
  <property name="app-client.build.dir" value="${build.dir}/app-client"/>

  <dirname property="antfile.dir" file="${ant.file}"/>
  <available property="client.jar.in.acc.dir" file="${client.jar.dir}" type="dir"/>

  <condition property="app.client.jar" value="${antfile.dir}/${client.jar.dir}/${ac.jar}">
    <isset property="client.jar.in.acc.dir"/>
  </condition>

  <condition property="app.client.jar" value="${antfile.dir}/../${client.jar.dir}/${ac.jar}">
    <not>
        <isset property="client.jar.in.acc.dir"/>
    </not>
  </condition>

  <target name="run-app-client"
    description="run Application client">
    <antcall target="bpp-run-app-client">
        <param name="app-client.jar" 
        value="${app.client.jar}" />
    </antcall>
  </target>

  <target name="-pre-clean">
  </target>

  <target name="package" depends="-post-compile" 
    description="packages the archive appropriate to the given module">
    <mkdir dir="${app-client.build.dir}"/>
    <!-- copy in the compiled classes -->
    <copy todir="${app-client.build.dir}">
      <fileset dir="${build.classes.dir}"/>
    </copy>
    <delete file="${app.module}"/>
    <jar jarfile="${app.module}" basedir="${app-client.build.dir}" manifest="${src.conf}/MANIFEST.MF"/>
    <delete dir="${app-client.build.dir}"/>
  </target>

  <target name="dummy-default"/>

</project>
