<?xml version="1.0" encoding="UTF-8"?>

<!-- Copyright 1997-2007 Sun Microsystems, Inc. All rights reserved.
 $Id: common-properties.xml,v 1.8 2009/05/19 22:10:14 nityad Exp $ -->


<!-- common-properties.xml: Handling of various properties for the project. 
     This file is not meant to be included directly. 
     This file automatically sets the following properties: 
       build.dir, build.classes.dir
     To change the value of these properties for your project, you need to set them
     BEFORE you include this file. You can do that by defining the property in 
     <user.home>/bpcatalog.properties, build.properties, <root.dir>/build.properties
     or in the build.xml file.
     @Author Inderjeet Singh  -->
<project name="common-properties" default="dummy-default">

  <!-- include common properties -->
  <property file="${ant.file.common-properties}/../common.properties"/>

  <!-- include common properties -->
  <property file="${ant.file.common-properties}/../build.properties"/>

  <property file="build.properties"/>

  <!-- include user specific build properties -->
  <property file="${user.home}/build.properties"/>

  <!-- include netbeans properties -->
  <property file="nbproject/project.properties"/>
  <property file="nbproject/private/private.properties"/>
  <property file="${deploy.ant.properties.file}" />

  <!-- try to configure javaee.home for clients that exercise a sample project -->
  <loadfile srcFile="../nbproject/private/private.properties" property="javaee.home.foo" quiet="true">
      <filterchain >
          <linecontains >
              <contains value="j2ee.server.instance=["/>
          </linecontains>
          <tokenfilter>
              <replaceregex pattern="\].*[0-9]" replace=""/>
          </tokenfilter>
          <tokenfilter>
              <replaceregex pattern="j2ee\.server\.instance=\[" replace=""/>
          </tokenfilter>
          <striplinebreaks/>
      </filterchain>
  </loadfile>

  <condition property="javaee.home" value="${javaee.home.foo}">
    <and>
      <not><isset property="javaee.home"/></not>
      <isset property="javaee.home.foo"/>
    </and>
  </condition>

  <!-- Look for a suitable value for javaee.home if it is not already set -->
  <condition property="javaee.home" value="${sjsas.root}">
    <and>
      <not><isset property="javaee.home"/></not>
      <isset property="sjsas.root"/>
    </and>
  </condition>  
  <condition property="javaee.home" value="${com.sun.aas.InstallRoot}">
    <and>
      <not><isset property="javaee.home"/></not>
      <isset property="com.sun.aas.InstallRoot"/>
    </and>
  </condition>

  <target name="dummy-default"/>
</project>
