<?xml version="1.0" encoding="UTF-8"?>

<!-- Copyright 1997-2007 Sun Microsystems, Inc. All rights reserved.
 $Id: ejb-jar-ant.xml,v 1.3 2007/07/18 21:50:57 msreddy Exp $ -->


<!-- ejb-jar-ant.xml: contains targets for projects that produce 
     ejb-jar modules. This file is not meant to be included in a 
     project directly. 
     This file should only be included if this project is defining 
     is.ejb-jar.module property.
     @Author: Inderjeet Singh -->

<project name="ejb-jar-ant" default="dummy-default">

  <property name="app.module" value="${build.dir}/${module.name}.jar"/>
  <property name="jar.build.dir" value="${build.dir}/jar"/>

  <target name="package" depends="-post-compile"
    description="packages the archive">
    <mkdir dir="${jar.build.dir}"/>

    <!-- Copy the descriptors if any -->
    <mkdir dir="${jar.build.dir}/META-INF"/>
    <copy file="${src.conf}/ejb-jar.xml" todir="${jar.build.dir}/META-INF/" failonerror="false"/>
    <copy file="${src.conf}/sun-ejb-jar.xml" todir="${jar.build.dir}/META-INF/" failonerror="false"/>

    <!-- Copy in the compiled Classes -->
    <copy todir="${jar.build.dir}">
      <fileset dir="${build.classes.dir}"/>
    </copy>

    <antcall target="package-persistence-unit">
      <param name="pu.build.dir" value="${jar.build.dir}"/>
    </antcall>

    <delete file="${app.module}"/>
    <jar jarfile="${app.module}" basedir="${jar.build.dir}"/>
    <delete dir="${jar.build.dir}"/>
  </target>

  <target name="dummy-default"/>

</project>
