<?xml version="1.0" encoding="UTF-8"?>

<!-- Copyright 1997-2007 Sun Microsystems, Inc. All rights reserved.
 $Id: jar-ant.xml,v 1.3 2009/09/14 20:01:00 vbkraemer Exp $ -->


<!-- jar-ant.xml: contains targets for projects that produce 
     jar files. This file is not meant to be included in a 
     project directly.
     This file should only be included if this project is defining 
     is.jar.module property.
     @Author: Inderjeet Singh -->

<project name="jar-ant" default="dummy-default">

  <property name="app.module" value="${build.dir}/${module.name}.jar"/>
  <property name="jar.build.dir" value="${build.dir}/jar"/>

  <target name="-pre-clean">
  </target>

  <target name="package" depends="-post-compile"
    description="packages the archive">
    <mkdir dir="${jar.build.dir}"/>

    <!-- copy in the compiled classes -->
    <copy todir="${jar.build.dir}">
      <fileset dir="${build.classes.dir}"/>
      <fileset dir="${src.dir}" excludes="**/*.java,**/*.form"/>
    </copy>

    <delete file="${app.module}"/>
    <jar jarfile="${app.module}" basedir="${jar.build.dir}"/>
    <delete dir="${jar.build.dir}"/>
  </target>

  <target name="dummy-default"/>

</project>
