<?xml version="1.0" encoding="UTF-8"?>

<!-- Copyright 1997-2007 Sun Microsystems, Inc. All rights reserved.
 $Id: jaxws.xml,v 1.7 2009/05/19 22:10:14 nityad Exp $ -->

<project name="jaxws" default="dummy-default">

   <property file="../../../../bp-project/build.properties"/>
   
  <!-- try to configure javaee.home for clients that exercise a sample project -->
  <loadfile srcFile="../nbproject/private/private.properties" property="javaee.home.foo" quiet="true">
      <filterchain >
          <linecontains >
              <contains value="j2ee.server.instance=["/>
          </linecontains>
          <tokenfilter>
              <replaceregex pattern="\].*[0-9]" replace=""/>
          </tokenfilter>
          <tokenfilter>
              <replaceregex pattern="j2ee\.server\.instance=\[" replace=""/>
          </tokenfilter>
          <striplinebreaks/>
      </filterchain>
  </loadfile>

  <condition property="javaee.home" value="${javaee.home.foo}">
    <and>
      <not><isset property="javaee.home"/></not>
      <isset property="javaee.home.foo"/>
    </and>
  </condition>

    <property name="jaxws.lib" value="${javaee.home}/modules"/>

    <path id="jaxws.classpath">
	    <fileset dir="${jaxws.lib}" includes="*.jar" />
	    <fileset dir="${jaxws.lib}/endorsed" includes="*.jar" />
	    <pathelement location="${java.home}/../lib/tools.jar"/>
    </path>

    <property name="extra.classpath" refid="jaxws.classpath"/>

    <import file="${ant.file.jaxws}/../main.xml"/>

    <taskdef name="apt" classname="com.sun.tools.ws.ant.Apt">
	    <classpath refid="classpath"/>
    </taskdef>

    <taskdef name="wsimport" classname="com.sun.tools.ws.ant.WsImport">
	    <classpath refid="classpath"/>
    </taskdef>

    <target name="setup">
	    <mkdir dir="${build.classes.dir}"/>
    </target>

</project>
