<?xml version="1.0" encoding="UTF-8"?>

<!-- Copyright 1997-2007 Sun Microsystems, Inc. All rights reserved.
 $Id: main.xml,v 1.7 2007/07/18 21:50:57 msreddy Exp $ -->


<!-- main.xml: this is the file that should be included by the project 
     build files. It will figure out whether it is running from inside Netbeans
     or command line and include appropriate tasks. 
     @Author: Inderjeet Singh -->
<project name="main" default="dummy-default">

  <condition property="common-ant-tasks-file" 
	     value="${ant.file}/../nbproject/build-impl.xml"
	     else="${ant.file.main}/../command-line-ant-tasks.xml">
    <and>
    <isset property="netbeans.home"/>
    <available file="${ant.file}/../nbproject/build-impl.xml"/>
    </and>
  </condition>
  
  <import file="${common-ant-tasks-file}"/>

  <target name="dummy-default"/>
</project>
