<?xml version="1.0" encoding="UTF-8"?>
<project-private xmlns="http://www.netbeans.org/ns/project-private/1">
    <open-files xmlns="http://www.netbeans.org/ns/projectui-open-files/1">
        <file>file:/D:/_Work/Scoala/DAI%202011-2012/Lab05/JPA_Examples/javaee6/jpa/criteriaQuery/criteriaQuery_client/src/java/criteriaquery/CriteriaQueryJavaClient.java</file>
        <file>file:/D:/_Work/Scoala/DAI%202011-2012/Lab05/JPA_Examples/javaee6/jpa/criteriaQuery/src/java/enterprise/criteriaQuery/servlet/TestServlet.java</file>
        <file>file:/D:/_Work/Scoala/DAI%202011-2012/Lab05/JPA_Examples/javaee6/jpa/criteriaQuery/src/java/enterprise/criteriaQuery/entity/LineItem.java</file>
    </open-files>
</project-private>
